RegionID,RegionName,SizeRank,X1996.04,X1996.05,X1996.06,X1996.07,X1996.08,X1996.09,X1996.10,X1996.11,X1996.12,X1997.01,X1997.02,X1997.03,X1997.04,X1997.05,X1997.06,X1997.07,X1997.08,X1997.09,X1997.10,X1997.11,X1997.12,X1998.01,X1998.02,X1998.03,X1998.04,X1998.05,X1998.06,X1998.07,X1998.08,X1998.09,X1998.10,X1998.11,X1998.12,X1999.01,X1999.02,X1999.03,X1999.04,X1999.05,X1999.06,X1999.07,X1999.08,X1999.09,X1999.10,X1999.11,X1999.12,X2000.01,X2000.02,X2000.03,X2000.04,X2000.05,X2000.06,X2000.07,X2000.08,X2000.09,X2000.10,X2000.11,X2000.12,X2001.01,X2001.02,X2001.03,X2001.04,X2001.05,X2001.06,X2001.07,X2001.08,X2001.09,X2001.10,X2001.11,X2001.12,X2002.01,X2002.02,X2002.03,X2002.04,X2002.05,X2002.06,X2002.07,X2002.08,X2002.09,X2002.10,X2002.11,X2002.12,X2003.01,X2003.02,X2003.03,X2003.04,X2003.05,X2003.06,X2003.07,X2003.08,X2003.09,X2003.10,X2003.11,X2003.12,X2004.01,X2004.02,X2004.03,X2004.04,X2004.05,X2004.06,X2004.07,X2004.08,X2004.09,X2004.10,X2004.11,X2004.12,X2005.01,X2005.02,X2005.03,X2005.04,X2005.05,X2005.06,X2005.07,X2005.08,X2005.09,X2005.10,X2005.11,X2005.12,X2006.01,X2006.02,X2006.03,X2006.04,X2006.05,X2006.06,X2006.07,X2006.08,X2006.09,X2006.10,X2006.11,X2006.12,X2007.01,X2007.02,X2007.03,X2007.04,X2007.05,X2007.06,X2007.07,X2007.08,X2007.09,X2007.10,X2007.11,X2007.12,X2008.01,X2008.02,X2008.03,X2008.04,X2008.05,X2008.06,X2008.07,X2008.08,X2008.09,X2008.10,X2008.11,X2008.12,X2009.01,X2009.02,X2009.03,X2009.04,X2009.05,X2009.06,X2009.07,X2009.08,X2009.09,X2009.10,X2009.11,X2009.12,X2010.01,X2010.02,X2010.03,X2010.04,X2010.05,X2010.06,X2010.07,X2010.08,X2010.09,X2010.10,X2010.11,X2010.12,X2011.01,X2011.02,X2011.03,X2011.04,X2011.05,X2011.06,X2011.07,X2011.08,X2011.09,X2011.10,X2011.11,X2011.12,X2012.01,X2012.02,X2012.03,X2012.04,X2012.05,X2012.06,X2012.07,X2012.08,X2012.09,X2012.10,X2012.11,X2012.12,X2013.01,X2013.02,X2013.03,X2013.04,X2013.05,X2013.06,X2013.07,X2013.08,X2013.09,X2013.10,X2013.11,X2013.12,X2014.01,X2014.02,X2014.03,X2014.04,X2014.05,X2014.06,X2014.07,X2014.08,X2014.09,X2014.10,X2014.11,X2014.12,X2015.01,X2015.02,X2015.03,X2015.04,X2015.05,X2015.06,X2015.07,X2015.08,X2015.09,X2015.10,X2015.11,X2015.12,X2016.01,X2016.02,X2016.03,X2016.04,X2016.05,X2016.06,X2016.07,X2016.08,X2016.09,X2016.10,X2016.11,X2016.12,X2017.01,X2017.02,X2017.03,X2017.04,X2017.05,X2017.06,X2017.07,X2017.08,X2017.09,X2017.10,X2017.11,X2017.12,X2018.01,X2018.02,X2018.03,X2018.04,X2018.05,X2018.06,X2018.07,X2018.08,X2018.09,X2018.10,X2018.11,X2018.12,X2019.01,X2019.02,X2019.03,X2019.04,X2019.05,X2019.06,X2019.07,X2019.08,X2019.09,X2019.10,X2019.11,X2019.12
394913,"New York, NY",1,189978,189489,188926,188493,188257,188269,188471,188860,189366,190035,190664,191273,191672,191986,192388,192850,193368,193875,194437,195411,196552,197730,198345,198691,198886,199212,199603,200108,200879,201942,203248,204596,206020,207128,208323,209459,210917,212445,214141,216261,218150,220089,221813,223942,226105,228218,230451,232690,234932,236927,239061,241452,243968,246579,249160,251848,254400,256741,259143,261348,263629,265691,267984,270358,273010,275810,278941,282020,284994,287845,290484,292904,295196,297514,300266,303445,307545,311970,316419,320543,324700,328699,332541,336456,339945,343380,346668,350386,354204,357866,361350,364747,368042,371591,374885,378256,381312,384968,389006,393788,398756,403967,409154,414132,418644,422713,426478,430159,434581,439289,444107,448803,453760,458974,464236,468889,473335,476849,480308,482747,484918,486584,488394,489771,490475,490366,489381,487836,485878,483901,482437,482166,481491,480793,478908,477130,475560,473772,472742,471301,469797,468150,466252,463758,460996,457038,453569,450036,447318,444373,441106,437479,434094,430235,426529,422794,419289,416359,413506,411087,408741,407189,406172,405585,405297,405224,405458,405104,404758,404093,404408,404725,405008,404382,402944,400991,398723,397203,395931,395075,393528,391965,389979,388316,386609,384939,383203,381146,379326,377665,376278,375237,374457,374228,374320,374397,374288,374021,373698,373677,373901,374293,375112,376106,377827,379786,381743,383545,385011,386520,388155,389751,391101,392773,394381,396216,397709,399221,400610,401485,402021,402327,402546,402650,403027,403561,404659,405581,407024,408271,409683,410497,410902,411246,411623,412669,413379,414077,414834,416146,418067,419815,421266,422302,423123,423977,424940,426072,427285,429180,431023,433503,435617,438727,441420,443961,445755,447253,448544,449745,451040,453139,455887,459215,462712,465604,467668,468317,468616,469163,470250,471437,472444,473238,474258,475593,477245,478580,479181,479056,478471,477668,476858,476286,476594
753899,"Los Angeles-Long Beach-Anaheim, CA",2,192573,191987,191614,191537,191661,191791,191754,191699,191724,192147,192015,192025,191719,191831,192102,192672,193788,195007,196023,196970,197860,200116,202538,204819,205915,206954,208226,209369,211004,212853,214728,216612,217847,219865,221497,223361,224564,225777,227943,230426,232258,233516,234762,236790,238558,240199,241685,243638,245802,248014,250437,253115,256031,258664,260855,263019,265026,266714,268395,270272,272768,275072,277505,280251,283265,286234,288911,291321,293601,295559,297792,300630,304224,308237,312719,318687,325009,331196,336320,341448,346139,350000,353347,357315,361838,367589,372355,379207,386571,395027,401430,407658,413385,420283,427681,436493,446692,459329,471999,483912,494058,504082,512981,518459,523631,528219,534964,542687,550885,559034,566837,576913,587769,598727,608500,614219,619545,623732,627993,632415,636373,641816,646062,648344,651239,650441,650607,648127,646323,644662,642760,641096,638905,635670,632856,627861,622484,614864,606854,599903,590988,582623,571097,559808,545288,531056,517985,506900,497718,491445,484136,475081,462767,453831,448920,445868,443036,440575,437336,435944,435745,437468,438985,442022,446224,447154,445625,445718,449012,453452,452626,450437,446435,443261,439283,434897,432720,431124,430821,428901,427292,422669,421465,420731,419299,415450,411330,410582,410463,409360,408362,407868,408985,410705,412778,416040,418655,421521,425378,429591,436059,442169,451753,461361,472088,480619,489256,496990,505146,511756,516574,521913,526779,531990,534113,534814,534283,534208,534165,535080,533588,532982,533136,536738,541208,546443,552152,556677,558776,560805,562757,563999,565131,566925,570942,574791,581709,586381,591624,593852,597647,600760,603236,603623,604608,606595,611050,615416,619571,625066,629429,633528,636004,639443,642811,643425,643549,644345,648462,655043,662140,667965,674022,679005,683965,685961,687935,686401,684640,682447,684613,686805,687943,688081,687534,686720,686965,687765,689167,687473,686945,688263,692730,695963,699792
394463,"Chicago, IL",3,161682,161489,161806,161875,162207,162800,163553,164282,164839,165313,165697,165905,165841,166173,166302,166457,163933,160884,155936,152270,149575,148810,148928,148837,148725,148605,148686,149367,150865,153043,155496,157738,159393,160305,160870,161225,161595,161801,162621,163821,165019,165979,166882,168059,169097,170317,171379,172288,172893,173443,174227,175316,176801,178504,180267,182075,183688,185011,185852,186568,187193,188009,188961,190115,191559,193216,195092,196854,198294,199323,200168,200994,201503,202086,202830,204236,205967,207843,209703,211273,212853,214107,215266,216027,216860,217423,218133,219067,220658,222656,224661,226557,228099,229606,230689,231518,232405,233371,234882,236508,238558,240561,242745,244980,247213,248995,250486,251630,252879,254135,255752,257581,259733,262251,264833,267201,269259,270891,272042,272906,273423,274043,274386,275055,275958,276991,277892,278676,279350,279974,280133,279792,278849,277622,276541,275721,275306,274667,274144,273652,272753,271590,268262,267269,263953,263224,259466,258280,255041,253357,250108,247508,243725,239267,235880,232303,230487,227750,225869,224157,222835,220744,219025,217323,216989,215873,215426,213642,214032,212964,213539,210949,209801,207351,205973,203225,200915,198616,196817,195553,193897,193074,191543,191158,190026,189142,186861,185579,183352,182260,180004,179907,179672,180239,180167,179377,178721,177877,178386,178888,179209,179901,180838,181876,183320,184691,186862,188508,190692,192300,194549,195418,196562,197064,198343,199106,199638,200423,201639,202478,202744,202980,203256,203569,203910,204191,204685,205733,207256,208481,208689,208609,208437,208305,208290,208335,209004,209890,211679,213303,214699,215558,216154,216704,217071,217277,217680,218431,219728,221409,223205,225246,226988,228222,228605,228468,228518,228795,229616,230477,231823,233371,234922,236098,237121,237936,238597,238681,238729,238899,239166,239525,239865,240375,241328,242334,243262,243731,243724,243447,243046,242640,242345,242145,242234
394974,"Philadelphia, PA",5,121226,120852,120633,120534,120489,120604,120867,121216,121557,121913,122120,122194,122131,122146,122226,122352,122479,122658,122891,123231,123640,124063,124350,124433,124324,124136,124001,123969,124170,124517,124989,125387,125801,126180,126551,126777,126940,127067,127276,127615,127942,128383,128827,129584,130450,131407,132273,132818,133246,133499,133879,134266,134757,135433,136210,136999,137738,138504,139295,139981,140544,140995,141557,142308,143220,144327,145393,146602,147553,148579,149459,150384,151283,152139,153227,154461,156192,158153,160149,161871,163588,165188,166686,167871,169138,170529,172186,174103,176251,178594,180737,182770,184431,186069,187526,189003,190575,192550,195014,197957,201271,204374,206967,209127,211441,213952,215958,217577,219165,221473,224366,227607,230898,234037,237059,239614,241918,243562,244990,246091,247407,248783,250314,251753,252931,253779,254297,254415,254234,253838,253586,253686,253844,254394,254714,255108,254911,254645,254448,254146,253586,252452,251848,251334,251091,250068,248746,247123,245580,243956,242319,240730,239143,237543,236370,235681,235279,234608,233807,232830,232091,231386,231228,231262,231255,231194,230940,230857,230915,231223,231464,231158,230193,228640,226834,224865,223235,221887,221013,220179,219122,217741,216232,214960,213975,212909,211848,210767,209898,208920,208058,207717,207769,207848,207527,207001,206473,206103,205781,205588,205392,205513,205759,206374,207161,208265,209354,210347,210932,211490,211860,212285,212447,212814,213306,213792,213869,214156,214506,214863,214639,214294,214081,214147,214342,214534,214847,215507,216384,217001,217301,217435,217614,217619,217455,217285,217176,217341,217807,218406,219237,219995,220942,221461,221870,222051,222532,223087,223987,225047,226095,227097,228071,229065,229772,230109,230450,230830,231636,232478,233488,234383,235717,237523,239413,240715,241350,241713,241942,242309,242655,243424,244272,245273,246180,247469,248593,249574,249890,250245,250480,250661,250817,251174,252007
395209,"Washington, DC",7,187950,187342,186822,186375,186253,186379,186881,187167,187302,187345,187435,187367,187045,186544,186308,186292,186444,186544,186782,187108,187287,187990,188576,189167,188934,188703,188558,188630,188933,189441,189949,190391,190864,191698,192652,193408,193741,194019,194586,195429,196371,197524,198827,200318,201583,202868,203808,204590,205067,205828,206891,208474,210400,212418,214602,216689,218940,220937,222610,224267,226022,228076,230313,232776,235532,238285,241031,243732,246286,248560,250542,252592,254834,257507,260641,264310,268383,272272,275892,278950,281827,284245,286971,289738,292648,295528,298881,302714,306763,310941,315209,319058,322391,325313,328895,332893,337715,343395,350301,358589,367079,375585,382278,387798,393038,399049,404746,410623,417586,426242,435109,443724,451494,459193,465771,470525,474484,477619,480868,484128,486694,488839,489785,490700,490884,489054,485837,482878,480795,478740,476542,474516,473426,471937,469152,465960,462729,460182,456308,451674,446023,440573,434642,428003,421245,413991,407689,401569,396166,390236,384624,379383,374900,369695,364666,360039,356619,354998,354061,353498,352517,351070,350098,349956,351127,352640,353057,353963,355342,357572,358149,357604,356246,355160,353878,351944,350421,349481,349893,350029,350409,349992,350083,349375,348750,347283,345994,345647,345614,345763,346223,347857,349811,351520,353051,354533,355566,356182,357444,359700,362400,365371,367934,370465,372912,375649,377907,380045,382023,384876,387446,390192,391903,393661,395523,397335,398889,399098,398783,398393,397688,397403,397216,397674,398236,398275,399329,400607,401578,401820,401604,401328,400608,400203,400559,401337,402596,403583,403930,404387,405809,407830,408947,409254,409114,409817,410709,412165,414185,416770,420048,422001,423457,423408,423844,423831,424527,425189,426681,428681,430177,431520,432882,435051,437300,439163,440348,440665,440389,440193,440647,441513,443355,445386,448140,450114,451548,451821,451827,451063,451126,451768,453616,455869,457778
394404,"Boston, MA",10,175345,175811,176629,177696,178994,179757,180597,181271,181964,182118,182026,182023,182372,183164,184357,185476,186789,187813,188917,189805,190982,192751,194461,196095,197111,198147,199497,201128,202928,205027,206785,208786,210076,212398,214709,217336,219374,221332,223554,226695,229236,231845,233733,235693,238047,240451,243469,245894,247750,249712,252133,255744,259897,264120,268137,272047,275927,279384,282370,285273,288052,290803,293957,297813,302088,306077,310238,314041,317267,319524,321417,323512,325430,327505,330048,333561,337682,342100,347611,352565,356927,359787,362736,365903,369049,372008,374651,376723,379162,381806,384850,387697,390217,392606,395080,397624,400009,402129,404417,407441,410780,414894,418760,422342,424652,426513,429325,432004,434738,436698,437469,438385,438602,440634,442165,443323,442601,441699,439907,438577,437005,435295,433302,430357,428067,425422,423197,420335,417918,416180,414961,414203,412744,411172,409193,407733,406615,405788,404496,402663,400447,397920,395161,392627,390016,387703,385363,383264,381421,379335,376813,374171,371329,368934,366540,363767,361564,360299,360179,360213,360206,360311,360638,361298,362651,364068,365604,366626,367551,367962,368039,367554,367033,365386,364012,362558,362317,361695,360296,358262,356977,355827,355480,354124,352964,351091,349345,347522,346283,345197,344953,345492,346698,347989,348712,349544,350142,350618,351779,353555,356025,357088,359733,363138,368112,371658,373824,375395,377364,380271,383010,385093,386757,388387,389622,391241,393595,395952,397752,398589,399127,398893,398247,398231,400046,403215,406668,409127,410189,411500,412683,414671,416012,416960,418169,419216,420218,422113,424435,427203,430363,433801,436433,437003,436967,438109,439284,441737,443691,445886,447612,449877,453298,456493,459522,462091,462803,463908,464746,467792,470201,473118,476058,480067,483665,486806,488836,489648,489826,489328,489721,490077,491423,492920,494363,494656,494888,494972,495717,495514,495600,496382,497229,498370,500140
395057,"San Francisco, CA",11,253357,252351,251864,252403,253566,255025,256279,257098,257958,259129,260471,261609,262473,264044,266081,269305,272414,275735,278187,280691,283300,286113,288586,290623,292451,294601,297553,301616,305595,309559,312434,314953,316598,318932,321165,323446,325067,327209,330246,333502,337433,341232,346646,351608,356977,362050,366771,371446,377705,386595,395183,403642,410704,419225,426563,433921,441268,447090,452483,458273,464601,469986,473316,476950,480636,484041,485431,486025,484891,483717,483166,484281,487430,491648,497909,505335,513152,519832,524079,527481,529770,532334,534811,537442,540225,541924,543668,546824,552438,558899,565234,570244,575219,581929,589445,599391,608117,617798,627187,638492,649507,661035,670749,680790,690253,700375,710953,721453,732741,744392,755150,764716,773916,783230,791389,795876,797436,797752,799568,802882,804227,802906,801149,800445,801616,800463,797305,794866,792917,793700,789592,786677,782663,779422,775299,772407,770759,768233,761493,753390,741101,732035,724548,718102,710913,701731,693037,683861,674094,663900,653117,641019,631145,617756,609339,602245,596650,590710,588466,587519,583480,577171,576663,581982,589848,595741,598460,599571,600195,602103,601912,599222,597602,593665,590464,585174,579845,575424,570345,567924,564370,559589,553539,551535,547729,546338,542224,540688,539018,536350,536194,537289,540819,546920,555856,563452,571652,577768,586645,596538,607165,621785,634590,650330,664017,680003,692188,702693,709403,716634,725021,736169,749609,759377,769162,772767,777450,776808,776474,775394,777410,781174,787552,796416,806398,814130,824339,835674,846731,854550,861865,868243,876920,887223,898451,906159,915916,929503,942641,946006,948673,949376,952165,945057,939679,935498,942388,949381,959868,966566,974728,981069,986899,992067,997719,1003533,1008263,1017687,1029316,1046572,1064539,1082256,1095105,1108573,1123493,1137190,1146362,1149408,1153687,1153610,1153572,1148971,1140124,1133116,1131192,1131480,1132769,1132293,1131053,1127898,1122672,1121012,1119867,1121949,1128296
394532,"Detroit, MI",12,102106,102731,103260,103761,104281,104919,105564,106324,107148,107912,108665,109374,110030,110484,110788,111337,112156,113239,114271,115285,116138,116836,117531,118171,118793,119165,119638,120186,120970,121858,122866,123780,124651,125444,126446,127377,128220,128809,129433,130160,131095,132138,133181,134197,135232,136275,137237,138222,139185,140056,140847,141924,143055,144154,145088,146268,147486,148572,149440,150143,150734,151176,151527,152018,152747,153689,154554,155324,156093,156876,157553,157974,158149,158067,158099,158196,158651,159152,159854,160532,161243,161849,162418,162616,162876,162968,163137,163234,163607,164261,165128,165928,166702,167366,167828,168226,168366,168466,168498,168746,169250,169897,170620,171236,171865,172428,172782,172977,173030,173056,172885,172768,173027,173610,174255,174748,175199,175581,175900,175863,175515,174817,174050,173343,172783,172312,171822,171287,170620,169657,168566,167225,166056,164536,163226,161888,160979,159699,158192,156715,155653,154471,152903,150594,147708,144387,141076,137682,134108,131118,129154,127394,124755,120768,116738,113030,110415,108325,106395,105157,103900,102944,101360,100093,98938,98622,97916,97448,96935,97000,97314,96992,96572,95741,95015,93952,92933,91790,90974,90246,89518,88788,87970,87445,87281,87432,87575,87552,87416,87271,87037,87412,87796,88683,89608,90942,91969,92629,93416,94201,94982,95661,96761,98243,99827,101549,103332,105434,107621,109748,111526,113019,114546,116144,117553,118688,119598,120546,121753,122836,123490,123548,123587,123873,124355,125025,125853,126884,127795,128537,129208,129790,130288,130384,130491,130721,131453,132319,133346,134107,135625,137147,138800,139857,140486,141109,141757,142401,142979,143891,145119,146644,148113,149924,151538,152458,153017,153418,153882,154494,155156,156632,158300,160337,162246,164021,165518,166371,166797,167191,167488,167906,168454,169269,170267,171088,171929,173210,174423,175207,175178,175026,174801,174772,174862
394865,"Minneapolis-St Paul, MN",16,120270,120076,120210,120615,121195,121893,122603,123358,123961,124517,125037,125522,125881,126150,126433,126941,127515,128294,129046,129804,130526,131320,131996,132462,132623,132893,133182,133849,134676,135978,137218,138414,139397,140460,141726,143016,144280,145407,146860,148220,149549,150680,152024,153751,155524,157022,158294,159220,160351,161342,162657,164232,166882,169394,171938,173743,175904,177750,179377,180950,182547,183890,185287,187005,189349,191972,194728,197146,198981,200258,201167,201939,202587,203779,204967,206625,208264,210252,212201,214140,216178,217920,219338,220477,221521,222683,223755,225246,226919,228965,230819,232752,234514,235945,237252,238279,239599,240880,242460,244100,245845,247813,249589,251067,252428,253976,255486,256299,257296,258354,259602,260634,261559,262968,264306,265837,266846,267317,267427,267127,267108,266908,267099,267004,267001,266743,266709,266471,266527,266398,266242,265340,264341,263084,262057,260761,259893,259029,258465,257213,255436,252863,249690,246446,243788,241794,240437,238801,236548,233962,231361,229006,226674,224098,221460,218212,215770,214512,214444,214634,214903,214869,214484,213824,213671,213557,213755,214075,214569,214971,214702,213916,212163,209795,207321,205304,202934,200764,198122,196412,194480,192863,191151,189559,188230,186957,185815,184543,183115,182044,181472,182080,183025,184221,185756,187329,189028,190590,192468,194324,196007,197746,198986,200376,201746,204490,207167,209842,211905,213806,215505,216825,217819,219210,221062,223865,226134,227735,228299,228285,227639,226646,225750,225345,225631,226183,228139,230322,232650,233792,234316,234752,234889,235185,235275,235870,236779,238470,240632,242963,244739,245543,246113,246802,247830,248439,249113,249918,251046,252366,254221,256795,259538,261879,263353,264245,264464,264648,264749,265663,267243,269665,272536,275605,278142,279794,280447,280728,281185,281609,282182,282814,283927,285547,287349,288863,290135,291114,291916,292172,292024,292232,292778,293776,295209
395056,"San Diego, CA",17,191020,190280,189755,189636,189756,190195,190709,190901,191079,191125,191171,190908,190636,190458,190554,191383,192914,194875,196392,197774,199566,201906,204142,205706,206974,208393,210589,213012,215781,218241,220629,222492,224374,225835,227382,228508,229905,231460,233426,236262,239164,241642,243874,246114,248632,251196,253739,256378,259017,261545,265574,270294,275674,280252,283855,287298,290221,292640,295838,299865,304890,308644,311566,314153,317365,320901,324177,327067,329022,330990,332981,335778,339207,343507,348571,355341,362879,370383,377391,383096,389365,393898,398353,402888,408018,413901,418827,426301,433294,442111,448920,455123,455728,460102,467540,478753,487712,496966,508266,519083,529281,540680,551570,558819,564096,566052,568553,574753,583044,591207,594018,596279,599377,602210,603429,602683,600904,600805,598741,598723,597738,599843,599321,597402,594164,591690,589384,587458,583464,579837,575603,568745,562678,556509,553122,548825,547228,543563,539438,532215,526118,517279,507293,497397,490704,482617,474456,464574,456092,445161,435962,426493,419614,412843,409059,407646,402827,400667,394473,394869,392658,395510,396801,401478,404572,407165,407858,410286,415013,416276,415867,413161,411515,408665,403973,399964,398089,396427,394719,391770,390724,389485,388778,387067,383188,379648,376697,375910,374213,374871,375737,377528,377752,379453,382741,385801,388453,390609,393958,397948,405951,412629,419029,425501,433346,441279,450036,459203,467648,471101,472752,475404,479353,486632,494939,495786,494053,490080,490116,490778,487438,487120,487046,492194,495092,496454,498000,503796,508113,512154,512060,510977,510979,512665,516675,520821,527302,537056,541370,540955,540567,541972,545079,542531,543581,545411,551184,555193,559579,561525,566371,571540,577602,583206,586667,586899,585609,586545,591169,595262,600623,608708,616689,621019,620469,618909,619404,619204,619682,618138,619250,620228,621194,619390,619059,619422,622965,624855,627644,629235,629621,628193,628406,631314,635656
395121,"St. Louis, MO",18,97162,97313,97425,97558,97783,98143,98552,98893,99171,99650,100090,100537,100750,101059,101443,101882,102335,102764,103207,103620,104022,104380,104751,105028,105248,105416,105654,105976,106319,106558,106783,107051,107392,107863,108387,108875,109179,109330,109537,109806,110612,111353,111869,111967,112134,112591,113067,113577,114091,114536,115086,115784,116708,117569,118362,119265,120021,120531,120846,121290,121964,122620,123351,124104,124832,125615,126378,127220,128051,128831,129577,130158,130674,131160,131825,132636,133442,134279,135118,136036,136820,137595,138335,138983,139523,140100,140911,141818,142874,144048,145331,146314,147240,147974,148675,149151,149593,150237,151008,152009,152878,153584,154196,154867,155678,156432,157066,157662,158190,158881,159605,160452,161385,162337,163256,164046,164797,165417,165996,166384,166722,166989,167327,167776,168146,168521,168906,169377,169669,169831,169728,169627,169470,169332,169348,169425,169477,169347,169071,168629,168128,167516,167165,166639,165769,164844,164081,163789,163442,163103,162524,161843,161001,160167,159512,159144,158628,157866,156880,156097,155472,154980,154820,155064,155446,155639,155239,154830,154619,154648,154374,153847,153155,152449,151534,150671,149641,148626,147688,146776,145859,144840,144058,143243,142351,141572,140819,140134,139385,138847,138441,138449,138764,139281,139484,139426,139296,139307,139105,139254,139408,140229,140615,141086,141374,141793,142139,142223,142346,142287,142516,142537,142634,142375,142324,142450,143099,144171,145196,145928,146148,146199,146228,146298,146442,146379,146635,147036,147938,148700,149406,149806,150136,150392,150640,150853,151357,151809,152460,153011,153756,154574,155389,156074,156387,156794,157445,158366,159017,159536,160135,160962,161917,162597,163211,163630,164235,164941,165577,166049,166434,166928,167416,168232,169082,170015,170501,170981,171408,171767,172331,172929,173793,174807,176027,177028,177621,178082,178354,178450,178331,178378,178637,178994,179803
394358,"Baltimore, MD",20,144097,143983,143883,144030,143985,144131,144211,144580,144933,145147,145239,145269,145164,145021,144818,144932,145204,145602,145954,146335,146584,147038,147316,147628,147439,147207,146927,146853,147047,147430,147969,148472,149072,149626,150135,150414,150468,150460,150507,150921,151384,152013,152669,153774,154910,155987,156590,157130,157462,157830,158119,158580,159259,160069,160985,161780,162637,163405,163964,164293,164628,164999,165615,166431,167610,168914,170081,171187,172359,173753,175177,176359,177292,178485,179965,181795,183685,185701,187752,189842,192027,194007,195768,197322,198905,200563,202637,205169,208001,210861,213679,216519,219427,222055,224380,226386,228911,232164,235874,239501,244081,248790,253641,258175,262465,266311,268815,271757,275385,279968,285121,290998,297657,302688,307219,310498,314348,317211,319951,322294,325258,328100,330945,333314,334843,336311,337057,337235,337018,336990,337156,337018,336826,336670,336643,336559,336884,336878,336363,334078,331745,329708,328560,327314,325011,322483,319634,316667,313629,310692,308069,305780,303180,300502,297797,295072,292068,288733,286532,285222,284844,283770,282832,281707,280983,280403,279796,279238,279255,279756,279949,279170,277039,274534,271961,269353,266601,264272,262784,261835,260576,259642,258937,257929,256653,255109,254148,252858,251932,250751,250451,250621,251423,252036,252395,252615,252638,252631,252726,253131,253338,253905,254765,256618,258265,260204,261851,263492,264512,265446,266447,268010,268998,269794,270267,270617,271425,271366,271370,270547,270249,269487,269119,268641,268441,268330,268629,269289,269481,269873,269801,269634,269185,269387,269608,269356,269467,269927,271347,272198,273599,274891,275660,276177,276047,276823,277276,278479,279438,280524,281325,282278,284039,285164,285976,285292,284618,284301,284748,285872,287073,288291,289553,291227,292855,294062,294541,294808,294645,294560,294194,294443,294363,294897,295731,296816,297871,298581,298803,298749,298015,297338,296631,296747,297280
394458,"Charlotte, NC",24,119465,119880,120530,121153,121786,122310,122857,123472,124051,124724,125345,125958,126445,127030,127631,128278,129001,129776,130536,131156,131983,132087,132187,131905,132346,132867,133561,134295,134982,135654,136327,136974,137592,138191,138749,139245,139746,140235,140741,141320,141689,142207,142637,143384,144131,144869,145545,146109,146657,147249,147806,148386,148915,149499,150051,150693,151309,152038,152528,152861,152997,153202,153422,153616,153907,154316,154733,155083,155320,155653,155870,156014,156032,156012,156064,156130,156292,156523,156768,156962,157162,157343,157585,157687,157693,157717,157765,157926,158116,158378,158694,159012,159366,159720,159963,160059,160083,160168,160448,160747,161021,161296,161584,161932,162198,162532,162889,163217,163455,163640,164074,164592,165215,165815,166490,167193,167848,168419,168892,169189,169670,170316,171270,172253,173261,174179,174934,175624,176318,176988,177425,178012,178818,179825,180789,181777,182704,183431,183675,183911,183909,184223,184135,184072,183574,183246,182579,181739,180857,180181,179643,178593,176951,174905,173683,173121,172569,171510,170368,169574,168761,168130,167624,167616,167509,167415,166875,166092,165538,165238,164782,163901,162875,161777,160729,159405,158344,157212,156345,155391,154428,153446,152690,152074,151407,150683,149947,149208,148950,148713,148837,148907,149358,149605,149630,149594,149760,149969,150182,150291,150144,150264,150385,151376,152355,153755,155027,156450,157618,158425,159143,159747,160702,161567,162876,163904,164592,164909,164989,164929,164788,164799,164973,165266,165724,166429,167528,169012,170402,171263,171919,172810,174138,175183,175976,176578,176939,177545,178362,179352,180533,181835,183337,184595,185527,186614,187816,189355,190990,192658,193967,195471,196787,198058,199031,199782,201022,202301,204120,205684,207346,208970,210707,212238,213591,214955,216383,218004,219413,220769,221556,222739,223948,225680,226720,227689,228460,229340,230076,230666,231434,232371,233917,235521,237151
395045,"Sacramento, CA",25,148000,147435,146844,146664,146605,146836,147198,147468,147736,147947,148363,148733,148898,149125,149405,150143,150658,151312,151686,152386,153084,154029,154919,155759,156387,156931,157498,158289,159208,160307,161290,161627,161874,162483,163639,164734,165330,165935,166637,167849,169202,170637,171618,172592,173390,174477,175633,177180,178569,180134,181382,183528,185684,188472,191003,193902,196605,199285,202059,205092,208566,212217,216193,220130,223326,226074,228212,230197,232178,233551,235213,236778,238934,241397,244166,247846,252205,256679,260817,264771,268372,271445,274259,277537,281735,285744,289684,293303,297239,300905,304883,307968,311292,314233,318073,322190,325732,330951,337183,346650,355508,364310,371636,378759,384713,390807,396861,402664,408859,414940,422036,428793,434835,440705,444864,447997,450522,451734,452687,452129,452109,451032,450527,449327,447558,443612,436855,430790,423719,418587,414880,412761,410784,406683,401897,397225,392859,388682,381982,373550,366840,358758,351338,340274,331336,322545,314900,308946,303569,296867,291790,286450,283734,279144,274618,270545,268135,265584,263702,260236,257790,255628,254121,253371,251442,250560,249690,249876,249161,249073,248783,248796,247476,244096,241212,239290,239289,237923,235508,232609,229971,226925,223813,221821,220800,220381,218599,217187,215615,215207,214877,215611,216523,217717,218397,220090,222402,225599,229014,232219,236001,240589,246347,252793,259401,267128,275015,282919,288736,294372,298883,303751,307956,311111,313540,314769,315473,315215,315158,312047,311090,310667,313446,315597,315744,317322,319273,322461,325254,326972,328085,327562,327808,328852,332196,335093,338960,342583,345283,347760,349789,352575,354363,355012,356083,357637,360607,363990,366791,371009,374768,378565,380501,382747,385980,387423,387835,388219,390847,394376,398162,401588,405566,408899,411483,412953,413828,413416,412508,411395,411642,412902,414966,417177,418150,418947,420739,422922,423987,422739,421533,421995,423537,426722,429831
394466,"Cincinnati, OH",28,110978,111064,111164,111357,111625,111948,112304,112695,113120,113593,113907,114159,114312,114543,114796,115104,115432,115804,116243,116695,117130,117585,117984,118369,118616,118888,119189,119558,119969,120456,121187,121896,122525,122836,123145,123410,123700,123908,124117,124374,124778,125303,125902,126638,127466,128542,129214,129450,129752,130271,131211,131687,132308,132841,133565,134162,134748,135276,135741,136107,136444,136763,137060,137340,137728,138267,138868,139369,139822,140267,140723,141072,141321,141543,141876,142240,142704,143164,143709,144278,144820,145323,145780,146222,146537,146799,147056,147486,148019,148581,149140,149673,150232,150793,151288,151690,151981,152200,152435,152704,153059,153477,153938,154426,154909,155436,155916,156332,156592,156814,157088,157406,157878,158382,158933,159462,159923,160443,160884,161269,161433,161509,161601,161817,162035,162214,162307,162320,162229,162212,162239,162143,161786,161350,161018,160722,160551,160365,160230,159925,159704,159400,159238,158969,158501,158052,157584,157392,156759,155995,154770,153876,152676,151042,148919,147786,147431,147417,147079,147169,147233,147308,147293,147599,147823,148058,148593,148914,149295,149373,149416,148756,147889,147000,146268,145145,143878,142769,141895,141150,140301,139375,138663,138256,137943,137450,136931,136576,136474,136256,136093,136004,135983,135994,135789,135763,135952,136287,136171,135951,135798,136127,136383,136940,137597,138484,139217,139839,140249,140519,140977,141379,141750,141367,141506,141411,141789,141885,142247,142517,142563,142653,142751,143084,143410,144042,144624,145282,145931,146527,147082,147527,148162,148800,149293,149661,149938,150425,150827,151327,151755,152454,153299,154241,155069,155667,156454,157393,158566,159487,160530,161696,163031,164088,164852,165400,166054,166761,167495,167977,168469,168753,169225,170109,171685,173811,175530,176728,177277,177596,177971,178445,179162,180450,181986,183443,184256,184672,185076,185672,186269,187094,187533,187891,188263
394475,"Cleveland, OH",29,112184,112205,112265,112398,112715,113107,113570,114072,114595,115117,115488,115753,115864,116075,116340,116757,117082,117462,117823,118283,118740,119287,119749,120081,120223,120365,120655,121060,121563,122050,122577,123139,123506,124021,124404,124912,125108,125229,125365,125626,126059,126583,127174,127862,128561,129252,129871,130382,130721,131253,131817,132522,132982,133534,134066,134725,135385,136102,136588,136946,137173,137352,137529,137765,138147,138514,138852,139281,139793,140451,140891,141100,141003,140881,140922,141133,141453,141831,142243,142727,143228,143752,144121,144317,144425,144623,145013,145516,146242,146965,147696,148335,148990,149635,150139,150535,150721,150835,151009,151302,151628,151965,152362,152942,153551,154177,154712,155044,155211,155229,155415,155737,156189,156619,157040,157532,158006,158411,158696,158874,158907,158753,158592,158417,158267,158070,158011,157827,157449,156978,156588,155876,155254,154808,154553,153970,153236,152985,152657,151927,151066,150414,149799,149481,149004,148292,147298,146398,145942,145125,144137,143083,142065,140896,139742,138734,138307,138260,138270,137986,137489,137168,136993,136618,136114,135485,135266,135063,135358,135203,134864,133977,133514,133037,132349,131454,130400,129494,128455,127785,127171,126522,125674,125005,124587,124098,123610,122938,122568,122130,121740,121353,121150,121116,121052,121046,121177,121473,121715,121841,121897,122159,122858,123222,123509,123696,124368,125019,125424,125509,125659,125583,125374,124724,123690,123330,123178,123716,124205,124701,124772,124569,124475,124615,124975,125418,126303,126986,127683,128280,128997,129514,129691,129657,129666,129904,130198,130427,130646,131072,131682,132332,132948,133616,134234,134824,135299,136003,136776,137362,137803,138642,140121,141572,142426,142735,143063,143647,144411,144970,145291,145664,147055,148455,149774,150113,150582,151052,151392,151837,152189,152969,153681,154496,154971,155739,156288,157436,158027,158929,159321,159587,159687,159710,160297
395059,"San Jose, CA",34,274693,274927,275682,277205,279258,281628,284411,286539,288383,289959,291470,293245,295281,298155,301724,306069,310855,315717,319970,323183,325757,326664,327712,328793,331634,335628,340288,345728,350830,356562,361375,363483,363681,364557,366585,368886,370171,372647,376794,381922,387131,390741,395014,399472,404627,409535,413817,419398,428701,438997,452102,463212,477519,490873,504027,515974,525336,534236,541089,548733,554805,559859,561039,561067,560731,560150,556682,548557,539511,531579,529519,530510,533997,539227,544930,551336,554916,557541,559838,562125,560957,559840,559615,559511,558755,556110,556077,556592,559076,563714,567051,570172,573758,579611,584557,588530,595017,604312,615270,624779,634097,642452,652212,663018,674516,684719,694368,707345,717800,730124,737860,750469,759595,769526,774006,775705,778889,781781,784408,778336,776140,777055,781953,785510,783471,787760,788203,789700,790579,788958,789544,788807,789746,790358,787674,787921,788295,788502,783248,776652,767253,756381,741046,726073,717945,712584,704514,693687,683424,671193,660165,654141,660159,670650,681569,679291,675056,669546,672164,673682,670267,668962,671484,682326,686474,691555,692196,706100,709891,713624,704705,697511,694288,695440,695142,688627,680133,675996,669386,666295,662738,657505,660439,660227,664188,655350,647208,648546,648676,650240,652754,660999,674365,686391,698346,710428,718972,726645,737360,750172,767128,783412,795766,808095,818271,833200,846544,855466,858764,859364,866710,867195,879758,892299,913202,920413,921039,916493,913792,919998,927697,940780,950504,964537,974010,980439,987296,1001901,1009066,1009924,998938,992190,995850,1004058,1013785,1020160,1029626,1039801,1047239,1052393,1060535,1055650,1054018,1042481,1045984,1042702,1051304,1057513,1069088,1077714,1090556,1097190,1104485,1108385,1117261,1124955,1140309,1163137,1191605,1220178,1249319,1279651,1312362,1342922,1361490,1381832,1395825,1411070,1398805,1379300,1358351,1345463,1326887,1304652,1286348,1274453,1270234,1264536,1254080,1242650,1232085,1233249,1232819,1238482,1244386
395005,"Providence, RI",38,133660,133259,132949,132720,132769,133052,133561,133938,134243,134450,134334,134011,133634,133743,134199,134626,134868,135060,135189,135475,135735,136667,137430,138064,138089,138168,138432,138831,139405,139935,140608,141263,142007,142654,143376,144022,144786,145591,146669,148051,149250,150320,151122,152625,154289,156242,157779,159293,160545,161133,161509,161946,163084,164405,165802,167251,168816,170452,171925,173449,174978,176754,178627,180730,183185,185547,188157,190442,192892,195029,197130,199206,201422,203967,206813,210072,214065,218847,223166,226734,229439,232231,235482,238984,242225,245421,248948,253066,257146,261050,264901,268564,271959,274505,277503,280355,283696,287252,291370,295490,299346,302841,306502,309528,312414,315063,317704,319975,322667,324843,326735,328124,329970,332460,335024,337000,338046,338188,338361,338987,340185,340564,340296,339040,337535,335485,333730,331873,330368,328533,326786,325324,323687,322787,320575,319249,317398,316251,315552,314954,314244,311831,308897,305969,303439,300851,298062,294895,291556,288307,284954,281585,278027,274399,271423,268428,266164,263810,262056,260565,259751,259416,259519,259983,260237,261047,261390,261768,261734,261734,261714,261479,260998,259912,258323,256512,255419,254063,252940,251131,249470,247670,246443,245133,244081,242771,241767,240009,238585,237158,235855,234683,234009,234022,233824,233768,233861,234157,234377,234599,235556,236962,239483,241356,242706,243622,244563,245488,246617,247674,249231,250341,251074,251775,252423,254046,255543,256725,257139,256967,256543,256273,255990,255748,255949,256987,258054,259293,259493,260227,260824,261854,262452,262495,262880,263725,264990,266173,267933,268603,269885,270604,272188,273310,274411,276112,277169,278259,278515,279826,281393,283369,286202,289231,292527,294481,295054,295010,295399,297397,300010,302186,304101,306435,308485,310131,310897,312249,313331,314058,313742,313433,313539,314126,314551,316073,317876,319446,320035,320522,320425,320467,320520,321947,323038
394862,"Milwaukee, WI",39,114877,114990,115677,116379,117127,117851,118590,119241,119870,120467,120949,121275,121318,121321,121249,121369,121591,121946,122365,122752,123214,123660,124195,124564,124712,124685,124645,124871,125248,125804,126379,127164,127982,129077,130000,130808,131159,131334,131545,131897,132375,132934,133837,134981,136124,137048,137695,138262,138325,138306,138238,138555,139185,139933,140867,141769,142790,143735,144607,145293,145753,146090,146446,147009,147839,148909,150054,151140,152170,153169,154004,154519,154710,154864,155130,155755,156669,157832,159089,160349,161698,162961,164034,164887,165476,166175,167242,168533,170167,171688,173319,174573,175739,176900,177895,178562,179160,180201,181362,183069,184677,186505,188387,190048,191670,192502,193109,193726,194623,195906,197364,199222,201264,203143,204785,206019,206961,207338,207688,207721,207778,207755,207579,207572,207670,208250,208830,209339,209558,210105,210125,210014,209253,208688,208413,208028,207817,207686,207881,207852,207519,207374,206421,204998,202781,201397,200674,200177,199545,198351,196569,194371,192515,188872,187059,185573,186119,185598,185263,184885,185356,185626,185968,185207,184431,184634,185848,187005,187575,187329,186508,185389,183217,180200,177442,175120,173733,172270,171087,169663,168211,166606,165638,164341,163790,163413,163264,163106,162130,161412,160164,159763,159518,160255,161129,162155,162269,162074,161133,160946,160267,160113,158007,158014,159451,162822,164735,165791,166541,167993,168934,169772,169625,169788,170435,171971,172716,173240,173595,174668,174649,173999,173009,173046,173466,174083,175012,175096,176292,176905,178000,177992,178018,178360,178989,180041,180811,181548,182373,183406,184544,185637,186784,187078,187473,187865,188829,189599,190623,191744,192924,193462,194431,195516,197054,197921,198634,198891,199069,199248,200384,202244,204352,206681,208528,209970,210279,210621,210822,211299,211643,212016,212515,212798,214425,216477,218957,220021,220185,220319,220376,220488,220734,221177,222466
394714,"Jacksonville, FL",40,99424,99480,99648,99817,100191,100657,101135,101292,101374,101730,102118,102392,102461,102745,103093,103483,103856,104296,104829,105475,106156,106940,107486,107856,107931,108053,108254,108448,108901,109446,110220,110712,111073,111279,111574,111921,112281,112629,113009,113449,113888,114428,115041,115792,116548,117321,118013,118599,119096,119630,120295,120960,121582,122175,122890,123747,124612,125549,126462,127354,128149,128668,129202,129749,130511,131370,132156,133168,134100,135189,135966,136693,137313,138071,138907,139768,140612,141466,142379,143316,144298,145432,146543,147522,148420,149231,150158,151077,152251,153545,154885,156267,157424,158712,159836,161249,162725,164366,166117,167887,169959,172074,173972,175784,177692,179753,181556,183248,185263,187541,190225,193008,196141,199533,202827,205849,208567,211622,214483,217423,220242,223336,226144,228624,230826,232281,233294,233527,233543,233022,232558,232424,232364,232214,231428,230654,229493,228184,226407,224621,222747,220768,219097,218291,216918,214722,211731,208874,206068,202892,199853,197067,194396,192658,190222,187778,184315,181608,179382,178570,177855,176860,174904,173609,172458,171010,169645,168657,168321,168224,167973,166727,164507,162324,160779,158931,156542,153989,152601,151158,149901,147821,146038,144607,143496,142431,141073,140274,139960,140153,140048,139902,140178,140331,140493,140630,140735,141164,141653,142593,143622,144594,145745,147037,148467,150427,152383,154392,156255,157816,159422,160911,162604,164383,165651,166614,166919,167100,167274,167540,167716,168491,169175,169937,170028,170384,170718,171740,172709,173821,174833,175840,176880,177437,178053,178618,179879,180555,181363,181747,183279,184709,185871,186573,187290,188358,189353,190314,191462,192708,194609,196580,198231,199480,200569,201695,202978,204269,205960,207645,209579,210661,211565,212273,213839,215823,217623,219276,220185,220898,221790,222736,223571,223851,224667,225520,226831,227565,228523,229058,229601,229956,230832,231042,231667
394849,"Memphis, TN",41,98568,99005,99358,99731,100063,100334,100631,100961,101353,101699,102022,102338,102628,102865,103037,103227,103474,104038,104619,105285,105724,106387,106932,107399,107601,107761,107928,107997,108353,108819,109387,109841,110346,110755,111005,111129,111376,111714,112788,113853,114650,114766,114887,115321,115778,116211,116509,116676,116965,117204,117517,117785,118108,118423,118670,118911,119278,119581,119851,119962,120150,120320,120484,120607,120873,121156,121464,121771,121907,122145,122286,122481,122498,122443,122493,122566,122715,122836,123054,123238,123490,123688,123985,124239,124489,124697,124874,124964,125085,125285,125587,125918,126229,126476,126683,126833,126866,126979,127134,127387,127661,127866,128285,128671,129230,129725,130298,130744,131158,131469,131803,132194,132637,133049,133502,134001,134641,135131,135572,135850,136148,136342,136669,137021,137572,138200,138904,139385,139671,139620,139706,139890,140233,140374,140326,140183,140057,139782,139450,138703,137922,136210,134404,132686,131667,130795,129982,129276,128698,127914,127082,126122,125322,124570,123895,123292,122347,121520,120355,119647,118985,118552,118123,117618,117346,117101,117039,117031,117124,117236,117106,116681,115992,115254,114589,113859,113260,112544,111936,111099,110650,110265,110169,109985,109758,109530,109092,108829,108335,108352,108553,108886,108676,108415,108225,108396,108439,108290,107927,107283,106560,106303,106478,107143,107588,107940,108146,108229,108542,109069,109857,110703,111578,112248,112509,112063,111794,111774,112143,112478,112618,112809,112662,112550,112502,113143,113864,114688,114975,115490,115807,115973,116132,116324,116814,117260,117481,117613,117732,118047,118281,118388,118475,118959,119333,119972,120257,121020,121738,122094,122278,122907,124280,125517,126424,127151,128069,128651,129360,129918,130615,131060,131753,132496,133531,134585,135613,136529,137091,138041,138823,139736,140484,141696,142839,143976,144817,145723,146304,146747,147174,147770,148487,149465,150590
394807,"Louisville-Jefferson County, KY",43,91915,92175,92489,92870,93290,93715,94111,94595,95141,95644,95923,96133,96265,96553,96890,97303,97790,98299,98901,99375,99839,100760,101577,102391,102780,103298,103788,104200,104680,105191,105723,106080,106386,106511,106730,106960,107389,107809,108250,108585,108974,109343,109770,110278,110763,111219,111479,111725,111991,112302,112613,113029,113544,114116,114605,115265,115977,117076,118078,119140,119900,120683,121475,122203,122768,123189,123618,124074,124487,124762,124937,125090,125261,125464,125750,126190,126651,127108,127464,127840,128146,128440,128721,129036,129532,129973,130273,130360,130485,130775,131106,131391,131608,131719,131836,131701,131399,131257,131390,131781,131960,132151,132400,132782,133216,133758,134327,135180,136004,136925,137621,138300,138904,139442,139943,140399,140808,141058,141246,141369,141572,141741,141935,142111,142324,142562,142909,143252,143548,143681,143771,143810,143829,143800,143787,143801,143846,143922,144018,144155,144271,144282,144302,143980,143457,142825,142553,142378,142384,142184,142039,141753,141473,141393,141298,141356,141293,140974,140663,140124,139910,139457,139380,139454,139787,140049,139889,139825,139693,139721,139407,139070,138715,138429,137971,137195,136482,135817,135318,134786,134091,133424,132754,132347,132072,132087,131998,132211,132218,132196,132184,132121,132401,132436,132307,132147,131858,131956,132137,132342,132418,132139,132058,132146,132361,132596,133040,133819,134860,135561,136290,136791,137420,137644,137978,137924,138246,138592,139122,139578,139594,139697,139723,140019,140289,140721,140984,141649,142280,142980,143442,143691,144062,144376,144497,144493,144531,144910,145766,146764,147944,148833,149700,150319,150930,151630,152477,153423,154142,154522,154791,155412,156433,157615,158735,159996,160959,161680,162101,162781,163564,164638,165978,167197,168133,168768,169503,170249,170844,171269,171701,171784,172070,172307,173024,173799,174845,175986,176903,177497,177991,178735,179548,180313,181283
394669,"Hartford, CT",44,151177,149917,148900,148988,149105,149257,148620,148211,148921,148016,148862,147294,147348,147101,147449,148745,149034,150109,150428,150841,151330,152046,152385,152634,152402,152560,152720,153017,153486,154094,154977,155786,156465,157088,157549,158200,158792,159555,160302,161218,162171,163101,164078,165251,166589,168047,169521,171046,172386,173037,173625,174166,175327,176486,177649,179032,180283,181790,182740,183860,184736,185888,187047,188012,188997,189923,191387,192984,194676,196081,197158,198150,199164,200258,201353,202611,204409,206829,209470,212001,214001,216070,217947,219672,220609,222004,223528,225675,227448,229446,231354,233161,234559,236316,237948,239868,241294,242971,244710,246909,249517,252003,254846,257463,259975,262029,263778,265908,267653,269319,271139,273813,276623,279482,281996,284680,286383,287832,288564,289195,289926,290922,292398,293235,294431,294897,295147,295257,295428,296071,295956,296342,295819,295444,294500,293547,292966,292264,292114,291709,291492,290489,288505,286494,284319,282603,280885,279506,278205,276640,275172,272993,271275,270025,269594,268404,267269,265740,264558,262750,261635,261044,260904,260146,258596,256796,255772,255977,257063,258198,259058,258850,258483,257665,255927,253908,251463,250379,249220,247137,245722,243637,243344,242013,241225,239433,237749,236268,235471,234705,233904,233266,232147,231351,229920,229188,228278,227937,228329,229606,230807,230966,230211,230369,232055,234539,236436,237312,237910,239061,239642,240035,239621,239623,239597,239855,240082,239960,239529,238951,238071,236864,236025,234873,233972,233125,233029,233505,234253,235553,236652,236913,236586,235951,235742,235147,235120,235038,235614,236371,236674,237318,237197,237570,237497,237294,237039,237219,237430,238788,239636,241138,242263,243345,244033,244223,244775,245053,245140,245159,245125,245832,246179,247209,247891,249124,249862,250008,249554,248864,248272,248114,248303,248572,248745,249083,249752,250072,250604,250339,250168,249777,249856,250138,250346
395022,"Richmond, VA",45,110097,110291,110504,110691,110942,111257,111658,111879,112117,112390,112712,112986,113204,113346,113459,113562,113771,114060,114489,114925,115402,115860,116263,116583,116877,117205,117582,117930,118436,118908,119405,119769,120227,120718,121314,121807,122335,122785,123449,124001,124549,125085,125783,126522,127295,128174,129205,130120,130389,130582,130685,131339,131875,132397,132783,133297,133924,134582,135067,135362,135705,136063,136638,137240,137893,138543,139292,140106,141000,141865,142724,143306,144021,144685,145708,146523,147402,148179,149163,150188,151199,152158,153109,154043,154995,155970,157023,158111,159378,160723,162107,163308,164555,165716,166883,168068,168403,169307,170608,173182,175578,178027,180169,182126,183745,185285,186805,188589,190945,193376,195904,198565,201710,204682,207122,209038,210536,212014,214124,216480,218829,220703,222588,224488,226029,227118,227866,228467,228913,229072,229623,230277,231230,231901,232583,233006,233040,232807,232435,232160,231440,230684,230113,229938,229576,228385,227029,225519,224222,223181,222480,221935,220895,219508,218086,216611,215235,213580,212384,211413,210424,209475,208294,207701,207283,207348,206947,206335,205888,205875,205667,204666,203367,201643,200039,198243,197193,196152,194692,193380,192058,191299,190123,189155,188326,187606,186975,186161,185510,184734,184502,184199,184395,184529,184751,184925,185228,185802,186298,186943,187232,187660,188278,189432,190617,191293,191611,191882,192315,192959,193187,193682,194169,195086,195637,196246,196706,196952,197369,197717,198040,198064,198301,198855,199155,199351,199531,200009,200920,202097,202547,202612,202572,202935,203260,203349,203939,204685,205197,205555,206061,207213,208317,209371,210109,210944,211888,213294,214543,215545,216214,217185,218411,219776,220897,221428,221849,222443,223326,224210,225112,226339,227692,229080,230173,230985,231611,232273,232796,233379,234090,235285,236577,237839,238831,239689,240588,241423,242239,243052,243961,244773,245630,245901,246525
394910,"New Orleans, LA",46,92913,93529,94184,94259,94863,95041,95735,95776,96543,96759,97085,97206,97469,98236,98962,99780,100347,100914,101419,102027,102590,103207,103823,104404,104239,105095,106001,107791,108299,109803,110736,111796,111995,113053,114314,115187,116327,116936,117667,117879,118350,118875,118873,119141,119475,120148,120596,120874,121032,121499,121566,121884,121910,122796,123559,124609,125758,126995,127868,128936,130048,130927,131160,131390,132175,133030,133761,134164,134548,134904,135301,135531,135827,136380,137162,137814,138486,139091,139833,140430,141299,142207,142897,143437,143787,144239,144711,145114,145924,146699,147999,148819,149709,149962,150381,151003,151762,152656,153155,153728,154625,155495,156548,157155,157868,157781,158245,158645,159718,160343,161228,162436,164090,165851,167795,169743,171916,174033,175906,177533,178957,180142,181411,182695,183632,184416,185052,186026,186882,187604,188253,188759,189195,189448,189718,190148,190594,190891,190862,190965,191171,191569,191222,189725,187873,185970,184847,184226,183817,183492,182706,182064,181765,181525,181428,181141,181426,181613,182150,181785,180941,179427,178541,178263,177848,177290,176498,176418,176312,176682,176569,176345,176036,175726,175490,174998,174027,173048,172065,171457,170791,170385,170264,169907,169362,168607,167950,167651,167309,167060,166356,166297,166723,167241,167332,167370,167865,168322,168582,168597,168611,168672,168980,169539,169872,170204,171164,172375,173377,173227,173325,173800,174821,175760,176423,177161,178027,178504,178385,177990,177643,177721,177785,178215,178639,178884,179752,180675,181703,181895,182180,182492,182953,183528,184316,184744,184875,185008,185926,186751,187294,187616,188614,189666,190636,191286,191888,192482,192094,192030,191725,192721,193611,194515,194839,195339,195563,196057,196126,196743,197240,198061,198525,198330,197718,196958,197087,197336,197934,197807,198114,198144,197399,196745,196651,198110,199184,200267,200746,201054,201231,201588,201862,202193,203648
394425,"Buffalo, NY",47,91809,91491,91205,91051,90954,90977,91079,91234,91296,91339,91328,91297,91062,90801,90498,90232,89858,89679,89611,89731,89683,90465,91062,91719,91466,91249,90948,90593,90399,90381,90578,90719,90792,90745,90840,90996,91167,91251,91319,91665,91843,92100,92179,92380,92540,92696,93203,93860,94556,95007,95087,94291,93367,92685,92886,93147,93397,93585,93790,93922,93971,94051,94176,94375,94658,95068,95650,96170,96745,97172,97673,97678,97644,97516,97563,97538,97500,97677,98034,98450,98699,98923,98947,99077,99143,99331,99765,100838,102579,104177,105376,105766,106427,106933,107647,107724,107583,107378,107497,107690,107590,107691,108099,108889,109541,110031,110489,110868,111263,111623,112040,112457,112943,113522,114265,114963,115637,116062,116525,116815,117014,117196,117530,118066,118600,119169,119793,120346,120768,121004,121070,120870,120638,120577,120817,121075,121349,121571,121956,122312,122552,122740,122632,122956,123128,123523,123442,123314,123280,123344,123229,123063,122932,123054,123245,123643,124025,124340,124350,124439,124594,124791,125122,125485,125757,125433,125344,125472,126088,126496,127079,127530,127486,126941,126164,125926,125991,126301,126153,125869,125502,125254,124865,124604,124527,124676,124595,124333,123865,123496,123300,123392,123507,123691,123865,124419,124825,124921,124592,124387,124757,125143,125493,125659,126276,127075,127916,128603,129169,129641,130012,130518,130961,131404,131816,132082,132605,132707,133026,133084,133452,133626,133495,133469,133437,133403,133258,133201,133815,134635,135412,136137,136691,137233,137506,137680,137798,137797,138109,138488,139038,139509,140474,141221,141955,142132,142578,142925,143752,144326,145251,146195,147697,149207,150372,151326,152220,153136,153924,154723,155663,156279,156700,157221,158159,158901,159730,160742,162138,163311,163966,164087,163986,164478,165275,166877,167982,169423,170314,171062,171518,171805,171880,172349,172964
395053,"Salt Lake City, UT",50,177056,177237,177323,177276,177191,177172,177387,177526,177800,178244,178639,178560,178169,177871,178142,178492,179090,179592,180317,180404,180503,181322,182586,183755,183801,183787,183815,183944,184214,184546,184935,185208,185361,185573,185650,185760,185623,185362,185046,184867,185273,185727,186296,186539,187040,187654,188224,188581,188793,191205,193000,194862,194623,194979,195275,195592,196001,196442,196872,197217,197489,197540,197675,197653,198108,198462,199110,199354,199498,199772,199639,199900,199931,199970,199878,199674,199602,199385,198945,198786,198598,198712,199189,199498,199726,199659,199632,199690,199831,200083,200308,200508,200811,201292,201812,202195,202312,202221,202223,202177,202235,202383,202623,202605,202366,202189,202671,203147,203924,204153,204705,205156,206114,207224,208768,210709,212725,214334,215882,217604,219939,222827,226504,231269,236200,240647,245007,248808,252698,256408,260264,264094,267041,269947,273874,277909,282044,284176,285258,286125,287267,288115,287428,285132,281957,278917,275922,273164,270245,268688,267079,265751,263749,260561,256946,252865,250663,248103,246434,244472,242644,240572,238815,237845,237153,236906,236921,236723,236417,236149,234952,233082,229973,228271,226991,225729,223557,220498,218130,216530,215542,214515,213321,212457,212259,211253,210111,209141,209253,209565,210408,210938,212578,214704,216831,218160,218926,220627,222754,225294,227971,230162,232310,234794,238761,241611,244837,247564,251013,253778,256198,257915,258695,259194,259271,260551,260342,260660,260261,260168,260272,260232,261077,262395,262849,264011,264909,267441,270204,272773,274803,276469,278893,281515,283919,285671,287182,288504,289558,290626,292303,294628,296759,299185,300064,301716,302844,306022,309527,312507,315129,317833,321096,323510,326153,328358,331371,333088,334985,336418,338249,339543,342234,346152,350604,354121,356069,358924,360984,363115,364580,366608,369414,373591,377300,380181,381260,381665,382313,383541,385794,387814,388474,388792,389421
395031,"Rochester, NY",51,94141,94024,93902,93850,93871,93936,93991,94019,94095,94156,94366,94532,94115,93748,93395,93643,93740,93867,94030,94159,94337,95206,95925,96598,96435,96308,96104,95984,96034,96202,96491,96218,95983,96016,96689,97375,97730,98062,98422,99025,99478,99885,100132,100464,100415,100173,99612,99444,99619,100109,100598,100860,101117,101322,101634,102041,102559,102997,103019,103259,103441,103980,104245,104710,105081,105542,105890,106373,106864,107179,107484,107665,107926,108003,108047,108203,108533,108980,109489,110051,110603,111039,111367,111582,111779,111972,112771,113232,113790,114568,115489,116032,116137,116415,116973,117131,118072,118505,119187,119057,119393,119555,119872,120293,120763,121080,121313,121424,121481,121488,121573,121874,122390,122996,123609,124190,124752,125143,125454,125653,125843,125984,126114,126286,126515,126769,127124,127464,127857,128071,128208,128195,128138,127984,127914,128020,128374,128751,129139,129490,129819,130002,130083,129912,129681,129657,129456,129260,128966,128770,128482,128047,127652,127195,126888,126820,126877,126656,126463,126381,126688,127062,127317,127402,127276,127278,127411,127711,128285,128804,129206,129289,128384,127451,126358,125987,125586,125564,125574,125585,125144,124528,123823,123500,123483,123547,123493,123437,123506,123184,122868,122617,122960,123348,123851,124288,124535,124600,124576,124640,124618,124580,124631,124821,125199,125545,125997,126224,126440,126424,126466,126527,126738,126802,126868,127049,127272,127625,127835,128097,128119,128055,128058,128351,128566,128514,128272,128255,128642,129076,129568,130015,130563,131012,131356,131452,131609,131961,133710,136129,138486,140303,140688,140478,140139,140270,141196,141802,143121,143954,143582,142306,141550,141822,142818,143322,143053,142549,141933,142093,142208,142669,143035,143482,143401,143058,142963,143933,145315,146513,147178,147795,148540,149384,150328,151103,151952,152655,153452,153833,154361,154744,155119,155431,155712
753924,"Urban Honolulu, HI",54,317522,313310,308809,305029,302054,299684,297067,295185,294154,293309,292245,290488,288948,288051,287428,286765,285177,284009,283198,283504,283524,282887,281726,281135,281059,282355,283562,285673,286330,286643,286083,285750,285920,286328,286256,285571,284126,283330,281854,280740,280252,280446,281214,282450,284417,287215,289165,291153,292119,293772,295148,296380,298032,299877,301823,302337,302900,303480,303903,304264,304779,306684,308133,309866,310946,312765,314599,316324,317825,318962,320257,321678,322998,324275,326270,329858,334374,340359,345252,349608,352406,355568,359140,363404,367270,371918,376476,380993,385378,389745,396435,403432,408122,412902,418742,425116,431834,438265,448355,459454,469599,477080,483421,489367,497221,501745,509250,516642,527781,538881,551788,567060,582252,596509,606582,614495,622081,630672,641050,647230,654668,656877,659076,660654,661535,664430,663174,664758,664105,664660,663613,664027,665159,666206,667757,667183,668321,667817,668972,668646,668271,667055,665520,666335,667239,671672,673618,667280,656658,645850,642192,638455,633887,629138,621458,615271,609508,605051,599355,594729,591639,586513,579584,574368,574749,577962,585089,587542,593085,594315,601447,604717,607868,608121,608731,611860,612435,613805,612076,613259,610708,608931,606158,604441,602087,599370,598970,597288,597521,596592,597132,598907,600889,604355,604137,605072,604130,607128,610196,616587,621416,624310,625951,627760,633601,633297,631838,629267,635737,643196,650446,655129,661835,669143,676184,681475,684181,685327,687832,689466,692909,694324,694858,696718,699253,702999,704441,706253,709030,714072,717351,720333,720281,720403,721980,724824,726444,728152,729642,731860,733010,735227,738192,741598,747123,753658,760228,763430,766933,769626,772219,774855,776945,783168,787219,791684,791823,795081,798856,803880,807051,810951,814839,819504,822204,822133,821722,822099,825530,826632,826986,824566,822769,822215,823864,825993,824790,822470,820298,819917,818895,816553,814806,811208,808017
395169,"Tulsa, OK",55,80495,80723,80943,81271,81520,81818,82118,82494,82848,83113,83332,83478,83640,83840,84258,84766,85329,85739,86221,86570,86915,87520,88126,88704,88890,89180,89601,90111,90637,91193,91824,92351,92882,93285,93777,94161,94604,95055,95592,96199,96660,97015,97614,98364,99181,99637,99617,100016,100447,101268,101686,102098,102519,102872,103331,103874,104505,105025,105520,105844,106160,106381,106714,107083,107522,107988,108426,108829,109202,109572,109947,110154,110302,110396,110567,110784,111030,111321,111601,111957,112300,112602,112827,112986,113126,113174,113310,113488,113776,114093,114391,114632,114801,115077,115288,115439,115417,115464,115566,115795,116109,116495,116809,117032,117365,117617,117823,117851,117996,118266,118630,119067,119420,119784,120129,120577,120973,121274,121567,121874,122208,122498,122847,123233,123632,123945,124249,124559,124836,125063,125151,125219,125225,125281,125473,125813,126095,126326,126459,126721,126877,126876,126904,126995,127265,127500,127457,127207,126827,126543,126569,126588,126340,126048,125712,125846,125739,125797,125952,126173,126221,126292,126386,126437,126320,126318,126644,127207,128082,128545,128463,127640,126967,126249,125500,124681,124267,123935,123384,122530,121685,120901,120530,120589,120742,121008,120867,120713,120387,119878,119639,119277,119479,119958,120237,120283,120259,120192,120232,120187,120420,120552,120868,121139,121939,122269,122678,122910,123338,123819,123962,124028,123872,123933,124176,124489,124578,124713,124805,125130,125302,125482,125969,126414,126682,127125,127657,128536,128893,129134,129413,129659,129848,129911,129548,129099,128810,129113,129931,130710,131652,132479,133216,133642,133896,134160,134471,134914,135541,136013,136438,136921,137587,138122,138294,138293,138448,138968,139324,139709,140260,141105,141676,141901,142113,142322,142534,142759,143136,143333,143619,143978,144412,144822,145282,145841,146170,146314,146552,146851,147220,147643,148238,148872,149295
394415,"Stamford, CT",58,274432,274646,274915,275503,276598,277721,278026,277159,276273,275869,275638,274871,273740,273098,273331,274863,276782,279250,280578,281749,282165,284823,286682,288708,288314,288596,289019,290266,292084,294224,296506,298983,301253,302985,303914,304918,306005,307555,309456,312151,314750,317583,320668,323972,327516,330577,334282,337096,339363,340987,343480,347079,351254,355525,359464,363344,367360,371596,374679,377012,378787,380501,381918,384189,387709,392033,395875,399419,402442,406095,409237,412596,414699,417105,420297,424275,429308,433871,439702,445819,451164,455705,459182,463226,467723,472428,475951,479391,482994,489337,494547,499113,503198,507829,511923,515149,517313,521087,524994,530643,536566,543570,552339,561359,568196,572665,576359,581859,586403,590808,595764,600637,605529,608447,611067,614644,619349,623823,625842,626294,627103,626710,625444,623339,621042,619502,619959,620045,619365,614801,612666,608747,607269,603919,602135,600616,598610,598471,598901,597619,596197,594037,592708,588897,583016,578085,573848,570077,565901,560840,555757,550804,543841,535767,529727,524531,520100,513374,509668,506782,507707,506126,505217,502577,501120,498736,496345,495549,497455,499673,499999,498606,495546,492250,485609,478982,474960,475801,475994,473750,468506,465892,465783,465528,463384,459767,457955,457255,455815,454049,451813,450637,451281,452771,453444,453220,452657,453444,453552,452554,449324,448281,448831,451653,455918,461379,465578,466680,466426,467002,466279,466426,467316,470516,474715,476406,478672,477783,479467,478622,477676,475496,474091,473001,472984,469637,469143,470125,474414,477841,480196,482179,482206,480280,477712,475389,475527,477906,481298,485268,486201,486522,484485,482090,477973,473928,471583,473364,476494,480549,479937,480613,481438,485126,485443,485528,485547,485339,485641,486700,487307,486102,485828,487058,489448,488254,489297,490329,492104,492271,491508,490788,491362,489619,489443,489023,491213,492966,490957,487839,484579,482987,483887,483934,484066
394308,"Albany, NY",60,106552,106049,105427,104880,104526,104526,104518,104550,104399,104355,104494,104675,104641,104476,104268,104120,104016,103944,103988,104178,104457,105229,105690,106106,105936,105752,105500,104826,104399,104264,104639,104886,104984,105077,105399,105679,106029,106345,106725,107351,107783,108309,108697,109075,109299,109406,109974,110594,111346,111750,112052,112292,112543,112896,112871,113035,113302,113556,114035,114399,115219,115392,115916,116075,116544,116812,117465,118169,118877,119560,120351,121102,121730,122223,122755,123499,124098,124596,125324,126302,127897,129240,130563,131351,132136,133055,134130,135275,136557,138121,139978,141920,143976,145438,146275,146636,147214,148257,149855,152370,155175,157524,159169,160718,162204,163839,165320,166908,168294,169464,170846,172750,174988,177179,179233,180938,182514,183396,184383,185686,187514,188963,190488,191853,193244,194227,195146,196448,197282,198022,198463,198979,198986,198623,198098,197987,198340,199096,199558,199783,199400,198814,198114,197460,196929,197051,197434,197647,197080,196320,195656,194951,194485,193876,193244,192493,191539,190591,189743,189417,189544,189694,190244,190710,190975,190729,190245,189921,190033,190668,191288,191510,191119,190589,189898,188974,187976,187018,186466,185966,185251,184410,183273,182028,181408,181098,180949,180115,179782,179542,179342,178902,178599,178746,178663,178851,178962,179255,179664,179908,180223,180574,181386,182345,183246,183508,183456,183356,183555,183688,183647,183311,182787,182320,181742,181571,181297,181734,182205,182518,182256,181408,180568,179748,179710,179892,180067,180070,180166,180680,181256,181859,182271,182359,182386,182712,182905,182718,182357,182326,182887,183608,184201,184749,184815,185247,185625,186494,186867,187365,187575,188019,188374,188788,189658,190209,190589,190670,191013,191592,192233,193412,194644,196116,197521,199227,200513,201101,201821,202482,202749,202375,202079,202673,203704,204845,205606,206209,206322,206266,205711,205559,205307,205918,206885
394938,"Omaha, NE",61,98775,98824,99416,100057,100732,101233,101934,102678,103096,103336,103492,103909,104260,104685,105161,105612,106170,106658,107200,107619,108213,108901,109502,109703,109602,109876,110644,111617,112527,113425,114410,115234,115916,116243,116602,116983,117392,117227,116899,116697,117120,117543,118126,118548,118928,118962,119112,119206,119548,119504,119554,119511,119820,120161,120640,121144,121549,122096,122305,122392,122195,122176,122469,122900,123384,123809,124246,124680,125102,125523,125868,126071,126135,126291,126585,126914,127380,127923,128599,129168,129709,130229,130703,130999,131190,131512,131988,132666,133221,133970,134678,135513,136214,136854,137499,137922,138248,138610,139165,139928,140687,141005,141264,141496,142189,142731,143117,143373,143630,144032,144418,144912,145428,146135,146903,147615,148067,148489,148791,149012,149171,149414,149786,150180,150387,150800,151364,152033,152388,152536,152451,152214,151891,151565,150754,150643,150690,151143,150566,150147,149666,149053,148007,147059,146435,145975,145648,145401,144987,144193,143266,142382,141583,141002,140801,141517,141864,142484,142717,143229,143685,144458,145287,145883,146656,147489,147932,147494,147774,147891,147640,145998,144087,142487,141174,139967,139352,139431,139655,139593,138495,138144,137810,137959,137883,137659,137714,137790,137591,136827,135977,136218,137059,138190,138692,139248,139334,139601,139400,139458,139744,140816,141885,142383,142806,143110,143723,143897,144239,144581,144776,145018,145013,145106,145665,146917,148331,149144,149384,149592,149687,149737,149554,149283,149491,149843,150636,151324,152459,153550,154572,155198,155619,155952,156372,157081,157402,157940,158205,158820,159174,159845,160622,161494,162465,163269,163973,164226,164621,165026,166239,167893,170053,171484,172534,173096,173608,174246,175222,176412,177460,178268,179269,180283,181467,182613,183608,184186,184695,185040,185657,186346,187390,188271,188867,189533,190198,191013,191822,192897,194049,195001,195718,196583,197458
394908,"New Haven, CT",62,138478,137821,138065,138451,139406,139656,139838,139105,139061,139327,139946,139463,138687,137883,137629,137245,137008,137164,137545,137894,138490,140436,142343,143762,143789,143782,143925,144274,144752,145529,146282,147301,148254,149170,150095,150805,151357,151730,152125,152948,153789,154971,155985,157191,158486,159988,161834,163313,163808,163660,163826,164860,166229,167611,169119,170400,171618,172737,174071,175200,176166,176750,177465,178453,181080,183866,186949,188509,189686,190492,191942,193493,195113,196896,199181,201768,203737,204875,206896,209148,212075,214430,216171,217678,219301,221484,223986,226586,228847,231262,232752,235393,238170,240883,242573,243509,245176,247773,251527,255363,258396,261187,264065,267618,270779,272704,273976,275273,277485,280328,283122,285896,289678,294318,300167,305075,308018,309018,307046,309143,309996,313362,313015,314273,313961,314175,313532,312753,312145,312665,313121,312938,311034,309201,307203,306033,305697,305705,305509,304278,302321,298126,293511,288215,285227,284177,284669,284326,282275,279439,276704,275179,273670,271925,270858,269176,267461,263974,260597,258008,257048,256520,255971,254751,254067,253348,253172,253200,254719,255665,256812,256427,255470,253644,251378,248952,246439,244956,243746,242866,241695,240687,239359,237426,235376,233485,231485,229835,227869,226657,225579,225484,225310,225270,224343,223465,222845,222242,221774,221326,221788,222550,223314,225080,227327,228654,228871,228328,228664,229159,229556,229873,229928,229369,229090,228020,227293,226960,227896,228945,228310,226751,226072,226087,225675,225486,226000,228171,229920,230868,229741,228294,227154,227527,226810,225690,224375,224459,224490,224086,223946,224381,225572,226148,226013,225292,224902,225294,226232,226342,227194,227911,229600,230452,231477,232178,232407,232411,232820,234460,235389,236274,236649,237885,239288,240616,241251,241219,241397,241631,242061,241689,242286,241761,242442,243172,244792,245948,246262,246340,245803,245360,244155,244149,243836
394357,"Bakersfield, CA",63,115574,114907,114608,114815,115125,114731,114066,113664,113590,113404,113178,112968,112748,112426,112142,111923,111812,111600,111374,111364,111107,110836,110483,110599,110748,110776,110836,111211,111680,112032,112182,112366,112650,112966,113271,113521,113744,113797,113891,114256,114790,115314,115622,116390,117348,118690,119464,118392,117140,115950,116352,116791,117223,117753,118107,118525,118963,119404,119926,120520,121104,121859,122564,123337,123985,124768,125530,126323,126952,127608,128344,129190,129955,130505,131280,132651,134613,136599,138531,140114,141751,143004,144282,145820,147882,150001,152646,154835,157471,160052,162498,164982,166841,168975,171096,173794,176813,180793,184880,190635,197480,204210,208580,209033,209197,210684,214571,219129,224713,231083,237994,244492,248391,252681,258538,263906,267788,267368,268124,272063,276953,282860,284055,288589,290885,293506,292682,292429,291875,291410,289311,288046,287183,286077,284081,279544,275251,270495,266640,261732,256298,250336,245442,238499,230615,222985,215426,208835,202007,196494,190157,183314,176752,170948,166656,162505,158808,154946,152509,151407,149664,147420,144509,143798,144111,144803,144759,145570,145674,146797,145989,145056,144210,143461,142719,140629,138882,138332,137175,136389,134887,133228,131563,130443,130156,129879,129167,129063,129486,130243,131210,131264,132429,133553,135111,135997,136715,137990,139627,141546,143380,145158,147794,150898,153556,156471,159909,163288,166332,168690,171612,174743,178159,180491,181877,182956,184341,184306,183571,183500,183188,183921,184569,186603,187953,188905,189660,190431,191149,191996,192521,191470,191210,190846,191842,192874,194158,195497,196810,197376,198047,197948,198488,197732,196890,196038,197249,198693,200361,202195,203646,204975,205305,205610,206070,205629,205798,206383,207507,209209,210590,212053,213371,214367,216239,217802,218691,217683,216994,216669,218466,219228,220702,222556,224360,225427,225586,226033,226981,226837,227027,226916,227767,229200,230457
